,error_type,dataset_id,error_rate,mechanism,metric,score,actual_error_rate
0,clf-wrongunit-extraneous,44123,0.25,ECAR,f1_score,0.8909495548961425,0.25
1,clf-wrongunit-extraneous,44123,0.25,EAR,f1_score,0.8434718100890208,0.25
2,clf-wrongunit-extraneous,44123,0.25,ENAR,f1_score,1.0,0.25
3,clf-wrongunit-extraneous,44123,0.25,ECAR,f1_score,0.8864142538975501,0.25
4,clf-wrongunit-extraneous,44123,0.25,EAR,f1_score,0.9391239792130661,0.25
5,clf-wrongunit-extraneous,44123,0.25,ENAR,f1_score,0.7780252412769117,0.25
6,clf-wrongunit-extraneous,44123,0.25,ECAR,f1_score,0.8975501113585748,0.25
7,clf-wrongunit-extraneous,44123,0.25,EAR,f1_score,0.8804751299183372,0.25
8,clf-wrongunit-extraneous,44123,0.25,ENAR,f1_score,1.0,0.25
9,clf-wrongunit-extraneous,44123,0.25,ECAR,f1_score,0.8873239436619719,0.25
10,clf-wrongunit-extraneous,44123,0.25,EAR,f1_score,0.8169014084507042,0.25
11,clf-wrongunit-extraneous,44123,0.25,ENAR,f1_score,1.0,0.25
12,clf-wrongunit-extraneous,44123,0.25,ECAR,f1_score,0.884272997032641,0.25
13,clf-wrongunit-extraneous,44123,0.25,EAR,f1_score,0.8991097922848665,0.25
14,clf-wrongunit-extraneous,44123,0.25,ENAR,f1_score,0.9362017804154305,0.25
15,clf-wrongunit-extraneous,44123,0.25,ECAR,f1_score,0.9012620638455829,0.25
16,clf-wrongunit-extraneous,44123,0.25,EAR,f1_score,0.9138827023014108,0.25
17,clf-wrongunit-extraneous,44123,0.25,ENAR,f1_score,1.0,0.25
18,clf-wrongunit-extraneous,44123,0.25,ECAR,f1_score,0.882876204595997,0.25
19,clf-wrongunit-extraneous,44123,0.25,EAR,f1_score,0.8754633061527057,0.25
20,clf-wrongunit-extraneous,44123,0.25,ENAR,f1_score,0.7501853224610823,0.25
21,clf-wrongunit-extraneous,44123,0.25,ECAR,f1_score,0.876763177431329,0.25
22,clf-wrongunit-extraneous,44123,0.25,EAR,f1_score,0.9287305122494434,0.25
23,clf-wrongunit-extraneous,44123,0.25,ENAR,f1_score,1.0,0.25
24,clf-wrongunit-extraneous,44123,0.25,ECAR,f1_score,0.8805637982195845,0.25
25,clf-wrongunit-extraneous,44123,0.25,EAR,f1_score,0.8724035608308606,0.25
26,clf-wrongunit-extraneous,44123,0.25,ENAR,f1_score,0.8649851632047477,0.25
27,clf-wrongunit-extraneous,44123,0.25,ECAR,f1_score,0.8841010401188706,0.25
28,clf-wrongunit-extraneous,44123,0.25,EAR,f1_score,0.838781575037147,0.25
29,clf-wrongunit-extraneous,44123,0.25,ENAR,f1_score,0.7481426448736997,0.25
150,clf-wrongunit-extraneous,44162,0.25,ECAR,f1_score,0.8990990990990991,0.25
151,clf-wrongunit-extraneous,44162,0.25,EAR,f1_score,0.842042042042042,0.25
152,clf-wrongunit-extraneous,44162,0.25,ENAR,f1_score,0.9993993993993994,0.25
153,clf-wrongunit-extraneous,44162,0.25,ECAR,f1_score,0.8894894894894895,0.25
154,clf-wrongunit-extraneous,44162,0.25,EAR,f1_score,0.9063063063063064,0.25
155,clf-wrongunit-extraneous,44162,0.25,ENAR,f1_score,0.7837837837837838,0.25
156,clf-wrongunit-extraneous,44162,0.25,ECAR,f1_score,0.9003003003003003,0.25
157,clf-wrongunit-extraneous,44162,0.25,EAR,f1_score,0.8192192192192193,0.25
158,clf-wrongunit-extraneous,44162,0.25,ENAR,f1_score,1.0,0.25
159,clf-wrongunit-extraneous,44162,0.25,ECAR,f1_score,0.8870192307692308,0.25
160,clf-wrongunit-extraneous,44162,0.25,EAR,f1_score,0.8930288461538463,0.25
161,clf-wrongunit-extraneous,44162,0.25,ENAR,f1_score,0.9993990384615385,0.25
162,clf-wrongunit-extraneous,44162,0.25,ECAR,f1_score,0.8846153846153846,0.25
163,clf-wrongunit-extraneous,44162,0.25,EAR,f1_score,0.7764423076923077,0.25
164,clf-wrongunit-extraneous,44162,0.25,ENAR,f1_score,0.950721153846154,0.25
165,clf-wrongunit-extraneous,44162,0.25,ECAR,f1_score,0.891095066185319,0.25
166,clf-wrongunit-extraneous,44162,0.25,EAR,f1_score,0.8339350180505416,0.25
167,clf-wrongunit-extraneous,44162,0.25,ENAR,f1_score,1.0,0.25
168,clf-wrongunit-extraneous,44162,0.25,ECAR,f1_score,0.8929001203369437,0.25
169,clf-wrongunit-extraneous,44162,0.25,EAR,f1_score,0.8772563176895308,0.25
170,clf-wrongunit-extraneous,44162,0.25,ENAR,f1_score,0.7496991576413959,0.25
171,clf-wrongunit-extraneous,44162,0.25,ECAR,f1_score,0.8833433553818401,0.25
172,clf-wrongunit-extraneous,44162,0.25,EAR,f1_score,0.8009621166566446,0.25
173,clf-wrongunit-extraneous,44162,0.25,ENAR,f1_score,1.0,0.25
174,clf-wrongunit-extraneous,44162,0.25,ECAR,f1_score,0.8779456193353475,0.25
175,clf-wrongunit-extraneous,44162,0.25,EAR,f1_score,0.862235649546828,0.25
176,clf-wrongunit-extraneous,44162,0.25,ENAR,f1_score,0.8610271903323263,0.25
177,clf-wrongunit-extraneous,44162,0.25,ECAR,f1_score,0.8881539386650631,0.25
178,clf-wrongunit-extraneous,44162,0.25,EAR,f1_score,0.9963920625375826,0.25
179,clf-wrongunit-extraneous,44162,0.25,ENAR,f1_score,0.7474443776307877,0.25
300,clf-wrongunit-extraneous,44091,0.25,ECAR,f1_score,0.8984375,0.2470588235294117
301,clf-wrongunit-extraneous,44091,0.25,EAR,f1_score,0.86328125,0.2470588235294117
302,clf-wrongunit-extraneous,44091,0.25,ENAR,f1_score,1.0,0.2470588235294117
303,clf-wrongunit-extraneous,44091,0.25,ECAR,f1_score,0.87109375,0.2470588235294117
304,clf-wrongunit-extraneous,44091,0.25,EAR,f1_score,0.85546875,0.2470588235294117
305,clf-wrongunit-extraneous,44091,0.25,ENAR,f1_score,0.7421875,0.2470588235294117
306,clf-wrongunit-extraneous,44091,0.25,ECAR,f1_score,0.8984375,0.2470588235294117
307,clf-wrongunit-extraneous,44091,0.25,EAR,f1_score,0.90234375,0.2470588235294117
308,clf-wrongunit-extraneous,44091,0.25,ENAR,f1_score,1.0,0.2470588235294117
309,clf-wrongunit-extraneous,44091,0.25,ECAR,f1_score,0.9140625,0.2470588235294117
310,clf-wrongunit-extraneous,44091,0.25,EAR,f1_score,0.86328125,0.2470588235294117
311,clf-wrongunit-extraneous,44091,0.25,ENAR,f1_score,1.0,0.2470588235294117
312,clf-wrongunit-extraneous,44091,0.25,ECAR,f1_score,0.8740157480314961,0.2470588235294117
313,clf-wrongunit-extraneous,44091,0.25,EAR,f1_score,0.889763779527559,0.2470588235294117
314,clf-wrongunit-extraneous,44091,0.25,ENAR,f1_score,0.9566929133858267,0.2470588235294117
315,clf-wrongunit-extraneous,44091,0.25,ECAR,f1_score,0.8818897637795275,0.2470588235294117
316,clf-wrongunit-extraneous,44091,0.25,EAR,f1_score,0.858267716535433,0.2470588235294117
317,clf-wrongunit-extraneous,44091,0.25,ENAR,f1_score,1.0,0.2470588235294117
318,clf-wrongunit-extraneous,44091,0.25,ECAR,f1_score,0.8862745098039215,0.2470588235294117
319,clf-wrongunit-extraneous,44091,0.25,EAR,f1_score,0.9019607843137256,0.2470588235294117
320,clf-wrongunit-extraneous,44091,0.25,ENAR,f1_score,0.7568627450980392,0.2470588235294117
321,clf-wrongunit-extraneous,44091,0.25,ECAR,f1_score,0.8941176470588236,0.2470588235294117
322,clf-wrongunit-extraneous,44091,0.25,EAR,f1_score,0.9137254901960784,0.2470588235294117
323,clf-wrongunit-extraneous,44091,0.25,ENAR,f1_score,1.0,0.2470588235294117
324,clf-wrongunit-extraneous,44091,0.25,ECAR,f1_score,0.8745098039215686,0.2470588235294117
325,clf-wrongunit-extraneous,44091,0.25,EAR,f1_score,0.8901960784313725,0.2470588235294117
326,clf-wrongunit-extraneous,44091,0.25,ENAR,f1_score,0.8431372549019608,0.2470588235294117
327,clf-wrongunit-extraneous,44091,0.25,ECAR,f1_score,0.9019607843137256,0.2470588235294117
328,clf-wrongunit-extraneous,44091,0.25,EAR,f1_score,0.8980392156862745,0.2470588235294117
329,clf-wrongunit-extraneous,44091,0.25,ENAR,f1_score,0.7529411764705882,0.2470588235294117
450,clf-wrongunit-extraneous,44158,0.25,ECAR,f1_score,0.8888888888888888,0.24850894632206763
451,clf-wrongunit-extraneous,44158,0.25,EAR,f1_score,0.9484126984126984,0.24850894632206763
452,clf-wrongunit-extraneous,44158,0.25,ENAR,f1_score,1.0,0.24850894632206763
453,clf-wrongunit-extraneous,44158,0.25,ECAR,f1_score,0.876984126984127,0.24850894632206763
454,clf-wrongunit-extraneous,44158,0.25,EAR,f1_score,0.9503968253968254,0.24850894632206763
455,clf-wrongunit-extraneous,44158,0.25,ENAR,f1_score,0.7718253968253969,0.24850894632206763
456,clf-wrongunit-extraneous,44158,0.25,ECAR,f1_score,0.882703777335984,0.24850894632206763
457,clf-wrongunit-extraneous,44158,0.25,EAR,f1_score,0.805168986083499,0.24850894632206763
458,clf-wrongunit-extraneous,44158,0.25,ENAR,f1_score,0.9761431411530817,0.24850894632206763
459,clf-wrongunit-extraneous,44158,0.25,ECAR,f1_score,0.8722554890219563,0.24850894632206763
460,clf-wrongunit-extraneous,44158,0.25,EAR,f1_score,0.8423153692614772,0.24850894632206763
461,clf-wrongunit-extraneous,44158,0.25,ENAR,f1_score,1.0,0.24850894632206763
462,clf-wrongunit-extraneous,44158,0.25,ECAR,f1_score,0.8824701195219125,0.24850894632206763
463,clf-wrongunit-extraneous,44158,0.25,EAR,f1_score,0.8725099601593626,0.24850894632206763
464,clf-wrongunit-extraneous,44158,0.25,ENAR,f1_score,0.9721115537848606,0.24850894632206763
465,clf-wrongunit-extraneous,44158,0.25,ECAR,f1_score,0.9085487077534792,0.24850894632206763
466,clf-wrongunit-extraneous,44158,0.25,EAR,f1_score,0.9204771371769384,0.24850894632206763
467,clf-wrongunit-extraneous,44158,0.25,ENAR,f1_score,1.0,0.24850894632206763
468,clf-wrongunit-extraneous,44158,0.25,ECAR,f1_score,0.8986083499005965,0.24850894632206763
469,clf-wrongunit-extraneous,44158,0.25,EAR,f1_score,0.9065606361829026,0.24850894632206763
470,clf-wrongunit-extraneous,44158,0.25,ENAR,f1_score,0.7514910536779325,0.24850894632206763
471,clf-wrongunit-extraneous,44158,0.25,ECAR,f1_score,0.8986083499005965,0.24850894632206763
472,clf-wrongunit-extraneous,44158,0.25,EAR,f1_score,0.8807157057654076,0.24850894632206763
473,clf-wrongunit-extraneous,44158,0.25,ENAR,f1_score,1.0,0.24850894632206763
474,clf-wrongunit-extraneous,44158,0.25,ECAR,f1_score,0.882703777335984,0.24850894632206763
475,clf-wrongunit-extraneous,44158,0.25,EAR,f1_score,0.8986083499005965,0.24850894632206763
476,clf-wrongunit-extraneous,44158,0.25,ENAR,f1_score,0.8767395626242545,0.24850894632206763
477,clf-wrongunit-extraneous,44158,0.25,ECAR,f1_score,0.8777555110220441,0.24850894632206763
478,clf-wrongunit-extraneous,44158,0.25,EAR,f1_score,0.8597194388777555,0.24850894632206763
479,clf-wrongunit-extraneous,44158,0.25,ENAR,f1_score,0.7474949899799599,0.24850894632206763
600,clf-wrongunit-extraneous,44090,0.25,ECAR,f1_score,0.8924418604651163,0.249636451769268
601,clf-wrongunit-extraneous,44090,0.25,EAR,f1_score,0.8909883720930233,0.249636451769268
602,clf-wrongunit-extraneous,44090,0.25,ENAR,f1_score,0.999031007751938,0.249636451769268
603,clf-wrongunit-extraneous,44090,0.25,ECAR,f1_score,0.8842054263565892,0.249636451769268
604,clf-wrongunit-extraneous,44090,0.25,EAR,f1_score,0.8565891472868217,0.249636451769268
605,clf-wrongunit-extraneous,44090,0.25,ENAR,f1_score,0.7761627906976745,0.249636451769268
606,clf-wrongunit-extraneous,44090,0.25,ECAR,f1_score,0.8880813953488372,0.249636451769268
607,clf-wrongunit-extraneous,44090,0.25,EAR,f1_score,0.9006782945736435,0.249636451769268
608,clf-wrongunit-extraneous,44090,0.25,ENAR,f1_score,0.999515503875969,0.249636451769268
609,clf-wrongunit-extraneous,44090,0.25,ECAR,f1_score,0.8817829457364341,0.249636451769268
610,clf-wrongunit-extraneous,44090,0.25,EAR,f1_score,0.8682170542635659,0.249636451769268
611,clf-wrongunit-extraneous,44090,0.25,ENAR,f1_score,0.999515503875969,0.249636451769268
612,clf-wrongunit-extraneous,44090,0.25,ECAR,f1_score,0.8845780795344326,0.249636451769268
613,clf-wrongunit-extraneous,44090,0.25,EAR,f1_score,0.9088263821532493,0.249636451769268
614,clf-wrongunit-extraneous,44090,0.25,ENAR,f1_score,0.9544131910766246,0.249636451769268
615,clf-wrongunit-extraneous,44090,0.25,ECAR,f1_score,0.8961669092673458,0.249636451769268
616,clf-wrongunit-extraneous,44090,0.25,EAR,f1_score,0.8806404657933041,0.249636451769268
617,clf-wrongunit-extraneous,44090,0.25,ENAR,f1_score,1.0,0.249636451769268
618,clf-wrongunit-extraneous,44090,0.25,ECAR,f1_score,0.8933591856519632,0.249636451769268
619,clf-wrongunit-extraneous,44090,0.25,EAR,f1_score,0.8972370334464372,0.249636451769268
620,clf-wrongunit-extraneous,44090,0.25,ENAR,f1_score,0.7498788172564227,0.249636451769268
621,clf-wrongunit-extraneous,44090,0.25,ECAR,f1_score,0.8802714493456132,0.249636451769268
622,clf-wrongunit-extraneous,44090,0.25,EAR,f1_score,0.8914202617547261,0.249636451769268
623,clf-wrongunit-extraneous,44090,0.25,ENAR,f1_score,1.0,0.249636451769268
624,clf-wrongunit-extraneous,44090,0.25,ECAR,f1_score,0.8763936015511391,0.249636451769268
625,clf-wrongunit-extraneous,44090,0.25,EAR,f1_score,0.8991759573436743,0.249636451769268
626,clf-wrongunit-extraneous,44090,0.25,ENAR,f1_score,0.8511875908870576,0.249636451769268
627,clf-wrongunit-extraneous,44090,0.25,ECAR,f1_score,0.8860882210373243,0.249636451769268
628,clf-wrongunit-extraneous,44090,0.25,EAR,f1_score,0.8463402811439651,0.249636451769268
629,clf-wrongunit-extraneous,44090,0.25,ENAR,f1_score,0.7503635482307319,0.249636451769268
750,clf-wrongunit-extraneous,44160,0.25,ECAR,f1_score,0.8953722334004024,0.24949698189134803
751,clf-wrongunit-extraneous,44160,0.25,EAR,f1_score,0.8611670020120724,0.24949698189134803
752,clf-wrongunit-extraneous,44160,0.25,ENAR,f1_score,1.0,0.24949698189134803
753,clf-wrongunit-extraneous,44160,0.25,ECAR,f1_score,0.8712273641851107,0.24949698189134803
754,clf-wrongunit-extraneous,44160,0.25,EAR,f1_score,0.8531187122736419,0.24949698189134803
755,clf-wrongunit-extraneous,44160,0.25,ENAR,f1_score,0.772635814889336,0.24949698189134803
756,clf-wrongunit-extraneous,44160,0.25,ECAR,f1_score,0.8792756539235412,0.24949698189134803
757,clf-wrongunit-extraneous,44160,0.25,EAR,f1_score,0.9758551307847082,0.24949698189134803
758,clf-wrongunit-extraneous,44160,0.25,ENAR,f1_score,0.9818913480885312,0.24949698189134803
759,clf-wrongunit-extraneous,44160,0.25,ECAR,f1_score,0.8772635814889336,0.24949698189134803
760,clf-wrongunit-extraneous,44160,0.25,EAR,f1_score,0.8752515090543259,0.24949698189134803
761,clf-wrongunit-extraneous,44160,0.25,ENAR,f1_score,1.0,0.24949698189134803
762,clf-wrongunit-extraneous,44160,0.25,ECAR,f1_score,0.8832997987927566,0.24949698189134803
763,clf-wrongunit-extraneous,44160,0.25,EAR,f1_score,0.8712273641851107,0.24949698189134803
764,clf-wrongunit-extraneous,44160,0.25,ENAR,f1_score,0.9738430583501008,0.24949698189134803
765,clf-wrongunit-extraneous,44160,0.25,ECAR,f1_score,0.9052419354838709,0.24949698189134803
766,clf-wrongunit-extraneous,44160,0.25,EAR,f1_score,0.8669354838709676,0.24949698189134803
767,clf-wrongunit-extraneous,44160,0.25,ENAR,f1_score,1.0,0.24949698189134803
768,clf-wrongunit-extraneous,44160,0.25,ECAR,f1_score,0.8893360160965795,0.24949698189134803
769,clf-wrongunit-extraneous,44160,0.25,EAR,f1_score,0.7505030181086519,0.24949698189134803
770,clf-wrongunit-extraneous,44160,0.25,ENAR,f1_score,0.7505030181086519,0.24949698189134803
771,clf-wrongunit-extraneous,44160,0.25,ECAR,f1_score,0.8993963782696177,0.24949698189134803
772,clf-wrongunit-extraneous,44160,0.25,EAR,f1_score,1.0,0.24949698189134803
773,clf-wrongunit-extraneous,44160,0.25,ENAR,f1_score,1.0,0.24949698189134803
774,clf-wrongunit-extraneous,44160,0.25,ECAR,f1_score,0.8873239436619719,0.24949698189134803
775,clf-wrongunit-extraneous,44160,0.25,EAR,f1_score,0.9235412474849096,0.24949698189134803
776,clf-wrongunit-extraneous,44160,0.25,ENAR,f1_score,0.8651911468812877,0.24949698189134803
777,clf-wrongunit-extraneous,44160,0.25,ECAR,f1_score,0.8772635814889336,0.24949698189134803
778,clf-wrongunit-extraneous,44160,0.25,EAR,f1_score,0.909456740442656,0.24949698189134803
779,clf-wrongunit-extraneous,44160,0.25,ENAR,f1_score,0.7505030181086519,0.24949698189134803
900,clf-wrongunit-extraneous,44156,0.25,ECAR,f1_score,0.8929313929313929,0.24980504289056396
901,clf-wrongunit-extraneous,44156,0.25,EAR,f1_score,0.8853950103950103,0.24980504289056396
902,clf-wrongunit-extraneous,44156,0.25,ENAR,f1_score,1.0,0.24980504289056396
903,clf-wrongunit-extraneous,44156,0.25,ECAR,f1_score,0.8874740124740125,0.24980504289056396
904,clf-wrongunit-extraneous,44156,0.25,EAR,f1_score,0.885914760914761,0.24980504289056396
905,clf-wrongunit-extraneous,44156,0.25,ENAR,f1_score,0.7824844074844075,0.24980504289056396
906,clf-wrongunit-extraneous,44156,0.25,ECAR,f1_score,0.8921517671517671,0.24980504289056396
907,clf-wrongunit-extraneous,44156,0.25,EAR,f1_score,0.8905925155925156,0.24980504289056396
908,clf-wrongunit-extraneous,44156,0.25,ENAR,f1_score,1.0,0.24980504289056396
909,clf-wrongunit-extraneous,44156,0.25,ECAR,f1_score,0.8848752598752598,0.24980504289056396
910,clf-wrongunit-extraneous,44156,0.25,EAR,f1_score,0.9116424116424116,0.24980504289056396
911,clf-wrongunit-extraneous,44156,0.25,ENAR,f1_score,1.0,0.24980504289056396
912,clf-wrongunit-extraneous,44156,0.25,ECAR,f1_score,0.8851052768390953,0.24980504289056396
913,clf-wrongunit-extraneous,44156,0.25,EAR,f1_score,0.8900441902781389,0.24980504289056396
914,clf-wrongunit-extraneous,44156,0.25,ENAR,f1_score,0.9415128671692228,0.24980504289056396
915,clf-wrongunit-extraneous,44156,0.25,ECAR,f1_score,0.8973225890304133,0.24980504289056396
916,clf-wrongunit-extraneous,44156,0.25,EAR,f1_score,0.9212373277878868,0.24980504289056396
917,clf-wrongunit-extraneous,44156,0.25,ENAR,f1_score,1.0,0.24980504289056396
918,clf-wrongunit-extraneous,44156,0.25,ECAR,f1_score,0.883545619963608,0.24980504289056396
919,clf-wrongunit-extraneous,44156,0.25,EAR,f1_score,0.8786067065245646,0.24980504289056396
920,clf-wrongunit-extraneous,44156,0.25,ENAR,f1_score,0.750194957109436,0.24980504289056396
921,clf-wrongunit-extraneous,44156,0.25,ECAR,f1_score,0.887964647777489,0.24980504289056396
922,clf-wrongunit-extraneous,44156,0.25,EAR,f1_score,0.9196776709123992,0.24980504289056396
923,clf-wrongunit-extraneous,44156,0.25,ENAR,f1_score,1.0,0.24980504289056396
924,clf-wrongunit-extraneous,44156,0.25,ECAR,f1_score,0.8791265921497271,0.24980504289056396
925,clf-wrongunit-extraneous,44156,0.25,EAR,f1_score,0.8765271640239147,0.24980504289056396
926,clf-wrongunit-extraneous,44156,0.25,ENAR,f1_score,0.8492331687028853,0.24980504289056396
927,clf-wrongunit-extraneous,44156,0.25,ECAR,f1_score,0.8942032752794385,0.24980504289056396
928,clf-wrongunit-extraneous,44156,0.25,EAR,f1_score,0.8962828177800883,0.24980504289056396
929,clf-wrongunit-extraneous,44156,0.25,ENAR,f1_score,0.750194957109436,0.24980504289056396
1050,clf-wrongunit-extraneous,44122,0.25,ECAR,f1_score,0.8888888888888888,0.25
1051,clf-wrongunit-extraneous,44122,0.25,EAR,f1_score,0.8809523809523809,0.25
1052,clf-wrongunit-extraneous,44122,0.25,ENAR,f1_score,1.0,0.25
1053,clf-wrongunit-extraneous,44122,0.25,ECAR,f1_score,0.8919722497522299,0.25
1054,clf-wrongunit-extraneous,44122,0.25,EAR,f1_score,0.9534192269573836,0.25
1055,clf-wrongunit-extraneous,44122,0.25,ENAR,f1_score,0.7859266600594648,0.25
1056,clf-wrongunit-extraneous,44122,0.25,ECAR,f1_score,0.8918650793650794,0.25
1057,clf-wrongunit-extraneous,44122,0.25,EAR,f1_score,0.7946428571428571,0.25
1058,clf-wrongunit-extraneous,44122,0.25,ENAR,f1_score,1.0,0.25
1059,clf-wrongunit-extraneous,44122,0.25,ECAR,f1_score,0.8888888888888888,0.25
1060,clf-wrongunit-extraneous,44122,0.25,EAR,f1_score,0.8214285714285714,0.25
1061,clf-wrongunit-extraneous,44122,0.25,ENAR,f1_score,1.0,0.25
1062,clf-wrongunit-extraneous,44122,0.25,ECAR,f1_score,0.8798411122144986,0.25
1063,clf-wrongunit-extraneous,44122,0.25,EAR,f1_score,0.8252234359483616,0.25
1064,clf-wrongunit-extraneous,44122,0.25,ENAR,f1_score,0.9185700099304865,0.25
1065,clf-wrongunit-extraneous,44122,0.25,ECAR,f1_score,0.9026812313803378,0.25
1066,clf-wrongunit-extraneous,44122,0.25,EAR,f1_score,0.8917576961271104,0.25
1067,clf-wrongunit-extraneous,44122,0.25,ENAR,f1_score,1.0,0.25
1068,clf-wrongunit-extraneous,44122,0.25,ECAR,f1_score,0.8859126984126984,0.25
1069,clf-wrongunit-extraneous,44122,0.25,EAR,f1_score,0.929563492063492,0.25
1070,clf-wrongunit-extraneous,44122,0.25,ENAR,f1_score,0.75,0.25
1071,clf-wrongunit-extraneous,44122,0.25,ECAR,f1_score,0.8846918489065606,0.25
1072,clf-wrongunit-extraneous,44122,0.25,EAR,f1_score,0.8051689860834991,0.25
1073,clf-wrongunit-extraneous,44122,0.25,ENAR,f1_score,1.0009940357852882,0.25
1074,clf-wrongunit-extraneous,44122,0.25,ECAR,f1_score,0.8849206349206349,0.25
1075,clf-wrongunit-extraneous,44122,0.25,EAR,f1_score,0.8779761904761905,0.25
1076,clf-wrongunit-extraneous,44122,0.25,ENAR,f1_score,0.8630952380952381,0.25
1077,clf-wrongunit-extraneous,44122,0.25,ECAR,f1_score,0.873015873015873,0.25
1078,clf-wrongunit-extraneous,44122,0.25,EAR,f1_score,0.9990079365079364,0.25
1079,clf-wrongunit-extraneous,44122,0.25,ENAR,f1_score,0.7470238095238095,0.25
1200,clf-wrongunit-extraneous,44089,0.25,ECAR,f1_score,0.8988023952095809,0.24955116696588867
1201,clf-wrongunit-extraneous,44089,0.25,EAR,f1_score,0.8461077844311379,0.24955116696588867
1202,clf-wrongunit-extraneous,44089,0.25,ENAR,f1_score,0.9994011976047905,0.24955116696588867
1203,clf-wrongunit-extraneous,44089,0.25,ECAR,f1_score,0.8916816277678038,0.24955116696588867
1204,clf-wrongunit-extraneous,44089,0.25,EAR,f1_score,0.9054458408138839,0.24955116696588867
1205,clf-wrongunit-extraneous,44089,0.25,ENAR,f1_score,0.7887492519449433,0.24955116696588867
1206,clf-wrongunit-extraneous,44089,0.25,ECAR,f1_score,0.8977272727272727,0.24955116696588867
1207,clf-wrongunit-extraneous,44089,0.25,EAR,f1_score,0.8175837320574163,0.24955116696588867
1208,clf-wrongunit-extraneous,44089,0.25,ENAR,f1_score,0.999401913875598,0.24955116696588867
1209,clf-wrongunit-extraneous,44089,0.25,ECAR,f1_score,0.8874251497005989,0.24955116696588867
1210,clf-wrongunit-extraneous,44089,0.25,EAR,f1_score,0.8868263473053893,0.24955116696588867
1211,clf-wrongunit-extraneous,44089,0.25,ENAR,f1_score,1.0,0.24955116696588867
1212,clf-wrongunit-extraneous,44089,0.25,ECAR,f1_score,0.8874251497005986,0.24955116696588867
1213,clf-wrongunit-extraneous,44089,0.25,EAR,f1_score,0.8544910179640717,0.24955116696588867
1214,clf-wrongunit-extraneous,44089,0.25,ENAR,f1_score,0.9502994011976046,0.24955116696588867
1215,clf-wrongunit-extraneous,44089,0.25,ECAR,f1_score,0.8898862956313585,0.24955116696588867
1216,clf-wrongunit-extraneous,44089,0.25,EAR,f1_score,0.8635547576301615,0.24955116696588867
1217,clf-wrongunit-extraneous,44089,0.25,ENAR,f1_score,1.0,0.24955116696588867
1218,clf-wrongunit-extraneous,44089,0.25,ECAR,f1_score,0.8910179640718561,0.24955116696588867
1219,clf-wrongunit-extraneous,44089,0.25,EAR,f1_score,0.8700598802395209,0.24955116696588867
1220,clf-wrongunit-extraneous,44089,0.25,ENAR,f1_score,0.7502994011976046,0.24955116696588867
1221,clf-wrongunit-extraneous,44089,0.25,ECAR,f1_score,0.8845002992220228,0.24955116696588867
1222,clf-wrongunit-extraneous,44089,0.25,EAR,f1_score,0.8934769599042489,0.24955116696588867
1223,clf-wrongunit-extraneous,44089,0.25,ENAR,f1_score,0.9994015559545184,0.24955116696588867
1224,clf-wrongunit-extraneous,44089,0.25,ECAR,f1_score,0.8735769922109049,0.24955116696588867
1225,clf-wrongunit-extraneous,44089,0.25,EAR,f1_score,0.8556021569802278,0.24955116696588867
1226,clf-wrongunit-extraneous,44089,0.25,ENAR,f1_score,0.8585979628520074,0.24955116696588867
1227,clf-wrongunit-extraneous,44089,0.25,ECAR,f1_score,0.8910179640718561,0.24955116696588867
1228,clf-wrongunit-extraneous,44089,0.25,EAR,f1_score,0.8862275449101794,0.24955116696588867
1229,clf-wrongunit-extraneous,44089,0.25,ENAR,f1_score,0.7491017964071854,0.24955116696588867
1350,clf-wrongunit-extraneous,44130,0.25,ECAR,f1_score,0.8948751642575559,0.25
1351,clf-wrongunit-extraneous,44130,0.25,EAR,f1_score,0.8869908015768725,0.25
1352,clf-wrongunit-extraneous,44130,0.25,ENAR,f1_score,1.0,0.25
1353,clf-wrongunit-extraneous,44130,0.25,ECAR,f1_score,0.873850197109067,0.25
1354,clf-wrongunit-extraneous,44130,0.25,EAR,f1_score,0.8751642575558476,0.25
1355,clf-wrongunit-extraneous,44130,0.25,ENAR,f1_score,0.7621550591327201,0.25
1356,clf-wrongunit-extraneous,44130,0.25,ECAR,f1_score,0.8988173455978975,0.25
1357,clf-wrongunit-extraneous,44130,0.25,EAR,f1_score,0.8830486202365309,0.25
1358,clf-wrongunit-extraneous,44130,0.25,ENAR,f1_score,1.0,0.25
1359,clf-wrongunit-extraneous,44130,0.25,ECAR,f1_score,0.8699080157687253,0.25
1360,clf-wrongunit-extraneous,44130,0.25,EAR,f1_score,0.8896189224704336,0.25
1361,clf-wrongunit-extraneous,44130,0.25,ENAR,f1_score,1.0,0.25
1362,clf-wrongunit-extraneous,44130,0.25,ECAR,f1_score,0.885676741130092,0.25
1363,clf-wrongunit-extraneous,44130,0.25,EAR,f1_score,0.900131406044678,0.25
1364,clf-wrongunit-extraneous,44130,0.25,ENAR,f1_score,0.9461235216819974,0.25
1365,clf-wrongunit-extraneous,44130,0.25,ECAR,f1_score,0.8961892247043364,0.25
1366,clf-wrongunit-extraneous,44130,0.25,EAR,f1_score,0.8843626806833115,0.25
1367,clf-wrongunit-extraneous,44130,0.25,ENAR,f1_score,1.0,0.25
1368,clf-wrongunit-extraneous,44130,0.25,ECAR,f1_score,0.8999999999999998,0.25
1369,clf-wrongunit-extraneous,44130,0.25,EAR,f1_score,0.8999999999999998,0.25
1370,clf-wrongunit-extraneous,44130,0.25,ENAR,f1_score,0.7499999999999999,0.25
1371,clf-wrongunit-extraneous,44130,0.25,ECAR,f1_score,0.8764783180026281,0.25
1372,clf-wrongunit-extraneous,44130,0.25,EAR,f1_score,0.8804204993429697,0.25
1373,clf-wrongunit-extraneous,44130,0.25,ENAR,f1_score,1.0,0.25
1374,clf-wrongunit-extraneous,44130,0.25,ECAR,f1_score,0.8907894736842106,0.25
1375,clf-wrongunit-extraneous,44130,0.25,EAR,f1_score,0.8907894736842106,0.25
1376,clf-wrongunit-extraneous,44130,0.25,ENAR,f1_score,0.8644736842105263,0.25
1377,clf-wrongunit-extraneous,44130,0.25,ECAR,f1_score,0.8723684210526316,0.25
1378,clf-wrongunit-extraneous,44130,0.25,EAR,f1_score,0.8921052631578947,0.25
1379,clf-wrongunit-extraneous,44130,0.25,ENAR,f1_score,0.75,0.25
1500,clf-wrongunit-extraneous,44120,0.25,ECAR,f1_score,0.8929313929313929,0.24980504289056396
1501,clf-wrongunit-extraneous,44120,0.25,EAR,f1_score,0.8926715176715176,0.24980504289056396
1502,clf-wrongunit-extraneous,44120,0.25,ENAR,f1_score,1.0,0.24980504289056396
1503,clf-wrongunit-extraneous,44120,0.25,ECAR,f1_score,0.8874740124740125,0.24980504289056396
1504,clf-wrongunit-extraneous,44120,0.25,EAR,f1_score,0.9251559251559252,0.24980504289056396
1505,clf-wrongunit-extraneous,44120,0.25,ENAR,f1_score,0.7824844074844075,0.24980504289056396
1506,clf-wrongunit-extraneous,44120,0.25,ECAR,f1_score,0.8921517671517671,0.24980504289056396
1507,clf-wrongunit-extraneous,44120,0.25,EAR,f1_score,0.8139293139293139,0.24980504289056396
1508,clf-wrongunit-extraneous,44120,0.25,ENAR,f1_score,1.0,0.24980504289056396
1509,clf-wrongunit-extraneous,44120,0.25,ECAR,f1_score,0.8848752598752598,0.24980504289056396
1510,clf-wrongunit-extraneous,44120,0.25,EAR,f1_score,0.9264553014553014,0.24980504289056396
1511,clf-wrongunit-extraneous,44120,0.25,ENAR,f1_score,1.0,0.24980504289056396
1512,clf-wrongunit-extraneous,44120,0.25,ECAR,f1_score,0.8851052768390953,0.24980504289056396
1513,clf-wrongunit-extraneous,44120,0.25,EAR,f1_score,0.8983623602807382,0.24980504289056396
1514,clf-wrongunit-extraneous,44120,0.25,ENAR,f1_score,0.9415128671692228,0.24980504289056396
1515,clf-wrongunit-extraneous,44120,0.25,ECAR,f1_score,0.8973225890304133,0.24980504289056396
1516,clf-wrongunit-extraneous,44120,0.25,EAR,f1_score,0.9378736677930856,0.24980504289056396
1517,clf-wrongunit-extraneous,44120,0.25,ENAR,f1_score,1.0,0.24980504289056396
1518,clf-wrongunit-extraneous,44120,0.25,ECAR,f1_score,0.883545619963608,0.24980504289056396
1519,clf-wrongunit-extraneous,44120,0.25,EAR,f1_score,0.8458539121393294,0.24980504289056396
1520,clf-wrongunit-extraneous,44120,0.25,ENAR,f1_score,0.750194957109436,0.24980504289056396
1521,clf-wrongunit-extraneous,44120,0.25,ECAR,f1_score,0.887964647777489,0.24980504289056396
1522,clf-wrongunit-extraneous,44120,0.25,EAR,f1_score,0.8983623602807382,0.24980504289056396
1523,clf-wrongunit-extraneous,44120,0.25,ENAR,f1_score,1.0,0.24980504289056396
1524,clf-wrongunit-extraneous,44120,0.25,ECAR,f1_score,0.8791265921497271,0.24980504289056396
1525,clf-wrongunit-extraneous,44120,0.25,EAR,f1_score,0.9199376137249804,0.24980504289056396
1526,clf-wrongunit-extraneous,44120,0.25,ENAR,f1_score,0.8492331687028853,0.24980504289056396
1527,clf-wrongunit-extraneous,44120,0.25,ECAR,f1_score,0.8942032752794385,0.24980504289056396
1528,clf-wrongunit-extraneous,44120,0.25,EAR,f1_score,0.8700285937093839,0.24980504289056396
1529,clf-wrongunit-extraneous,44120,0.25,ENAR,f1_score,0.750194957109436,0.24980504289056396
1650,clf-wrongunit-extraneous,44127,0.25,ECAR,f1_score,0.89937106918239,0.2492113564668769
1651,clf-wrongunit-extraneous,44127,0.25,EAR,f1_score,0.8616352201257862,0.2492113564668769
1652,clf-wrongunit-extraneous,44127,0.25,ENAR,f1_score,1.0,0.2492113564668769
1653,clf-wrongunit-extraneous,44127,0.25,ECAR,f1_score,0.8710691823899371,0.2492113564668769
1654,clf-wrongunit-extraneous,44127,0.25,EAR,f1_score,0.8522012578616353,0.2492113564668769
1655,clf-wrongunit-extraneous,44127,0.25,ENAR,f1_score,0.7641509433962265,0.2492113564668769
1656,clf-wrongunit-extraneous,44127,0.25,ECAR,f1_score,0.9022082018927444,0.2492113564668769
1657,clf-wrongunit-extraneous,44127,0.25,EAR,f1_score,0.9369085173501576,0.2492113564668769
1658,clf-wrongunit-extraneous,44127,0.25,ENAR,f1_score,1.0,0.2492113564668769
1659,clf-wrongunit-extraneous,44127,0.25,ECAR,f1_score,0.8958990536277602,0.2492113564668769
1660,clf-wrongunit-extraneous,44127,0.25,EAR,f1_score,0.9716088328075708,0.2492113564668769
1661,clf-wrongunit-extraneous,44127,0.25,ENAR,f1_score,1.0,0.2492113564668769
1662,clf-wrongunit-extraneous,44127,0.25,ECAR,f1_score,0.8765822784810126,0.2492113564668769
1663,clf-wrongunit-extraneous,44127,0.25,EAR,f1_score,0.9082278481012658,0.2492113564668769
1664,clf-wrongunit-extraneous,44127,0.25,ENAR,f1_score,0.9462025316455696,0.2492113564668769
1665,clf-wrongunit-extraneous,44127,0.25,ECAR,f1_score,0.8927444794952681,0.2492113564668769
1666,clf-wrongunit-extraneous,44127,0.25,EAR,f1_score,0.946372239747634,0.2492113564668769
1667,clf-wrongunit-extraneous,44127,0.25,ENAR,f1_score,1.0,0.2492113564668769
1668,clf-wrongunit-extraneous,44127,0.25,ECAR,f1_score,0.8793650793650793,0.2492113564668769
1669,clf-wrongunit-extraneous,44127,0.25,EAR,f1_score,0.9047619047619047,0.2492113564668769
1670,clf-wrongunit-extraneous,44127,0.25,ENAR,f1_score,0.7492063492063492,0.2492113564668769
1671,clf-wrongunit-extraneous,44127,0.25,ECAR,f1_score,0.8984126984126983,0.2492113564668769
1672,clf-wrongunit-extraneous,44127,0.25,EAR,f1_score,0.8507936507936508,0.2492113564668769
1673,clf-wrongunit-extraneous,44127,0.25,ENAR,f1_score,1.0,0.2492113564668769
1674,clf-wrongunit-extraneous,44127,0.25,ECAR,f1_score,0.8860759493670884,0.2492113564668769
1675,clf-wrongunit-extraneous,44127,0.25,EAR,f1_score,0.860759493670886,0.2492113564668769
1676,clf-wrongunit-extraneous,44127,0.25,ENAR,f1_score,0.8575949367088607,0.2492113564668769
1677,clf-wrongunit-extraneous,44127,0.25,ECAR,f1_score,0.8955696202531644,0.2492113564668769
1678,clf-wrongunit-extraneous,44127,0.25,EAR,f1_score,0.8639240506329112,0.2492113564668769
1679,clf-wrongunit-extraneous,44127,0.25,ENAR,f1_score,0.7499999999999999,0.2492113564668769
1800,clf-wrongunit-extraneous,44157,0.25,ECAR,f1_score,0.8948751642575559,0.25
1801,clf-wrongunit-extraneous,44157,0.25,EAR,f1_score,0.8541392904073587,0.25
1802,clf-wrongunit-extraneous,44157,0.25,ENAR,f1_score,1.0,0.25
1803,clf-wrongunit-extraneous,44157,0.25,ECAR,f1_score,0.873850197109067,0.25
1804,clf-wrongunit-extraneous,44157,0.25,EAR,f1_score,0.871222076215506,0.25
1805,clf-wrongunit-extraneous,44157,0.25,ENAR,f1_score,0.7621550591327201,0.25
1806,clf-wrongunit-extraneous,44157,0.25,ECAR,f1_score,0.8988173455978975,0.25
1807,clf-wrongunit-extraneous,44157,0.25,EAR,f1_score,0.8817345597897503,0.25
1808,clf-wrongunit-extraneous,44157,0.25,ENAR,f1_score,1.0,0.25
1809,clf-wrongunit-extraneous,44157,0.25,ECAR,f1_score,0.8699080157687253,0.25
1810,clf-wrongunit-extraneous,44157,0.25,EAR,f1_score,0.8948751642575559,0.25
1811,clf-wrongunit-extraneous,44157,0.25,ENAR,f1_score,1.0,0.25
1812,clf-wrongunit-extraneous,44157,0.25,ECAR,f1_score,0.885676741130092,0.25
1813,clf-wrongunit-extraneous,44157,0.25,EAR,f1_score,0.7792378449408672,0.25
1814,clf-wrongunit-extraneous,44157,0.25,ENAR,f1_score,0.9461235216819974,0.25
1815,clf-wrongunit-extraneous,44157,0.25,ECAR,f1_score,0.8961892247043364,0.25
1816,clf-wrongunit-extraneous,44157,0.25,EAR,f1_score,0.8909329829172142,0.25
1817,clf-wrongunit-extraneous,44157,0.25,ENAR,f1_score,1.0,0.25
1818,clf-wrongunit-extraneous,44157,0.25,ECAR,f1_score,0.8999999999999998,0.25
1819,clf-wrongunit-extraneous,44157,0.25,EAR,f1_score,0.9105263157894736,0.25
1820,clf-wrongunit-extraneous,44157,0.25,ENAR,f1_score,0.7499999999999999,0.25
1821,clf-wrongunit-extraneous,44157,0.25,ECAR,f1_score,0.8764783180026281,0.25
1822,clf-wrongunit-extraneous,44157,0.25,EAR,f1_score,0.8896189224704336,0.25
1823,clf-wrongunit-extraneous,44157,0.25,ENAR,f1_score,1.0,0.25
1824,clf-wrongunit-extraneous,44157,0.25,ECAR,f1_score,0.8907894736842106,0.25
1825,clf-wrongunit-extraneous,44157,0.25,EAR,f1_score,0.8644736842105263,0.25
1826,clf-wrongunit-extraneous,44157,0.25,ENAR,f1_score,0.8644736842105263,0.25
1827,clf-wrongunit-extraneous,44157,0.25,ECAR,f1_score,0.8723684210526316,0.25
1828,clf-wrongunit-extraneous,44157,0.25,EAR,f1_score,0.8789473684210526,0.25
1829,clf-wrongunit-extraneous,44157,0.25,ENAR,f1_score,0.75,0.25
1950,clf-wrongunit-extraneous,44124,0.25,ECAR,f1_score,0.8901734104046243,0.249034749034749
1951,clf-wrongunit-extraneous,44124,0.25,EAR,f1_score,0.815028901734104,0.249034749034749
1952,clf-wrongunit-extraneous,44124,0.25,ENAR,f1_score,1.0,0.249034749034749
1953,clf-wrongunit-extraneous,44124,0.25,ECAR,f1_score,0.8728323699421965,0.249034749034749
1954,clf-wrongunit-extraneous,44124,0.25,EAR,f1_score,0.9210019267822736,0.249034749034749
1955,clf-wrongunit-extraneous,44124,0.25,ENAR,f1_score,0.7610789980732178,0.249034749034749
1956,clf-wrongunit-extraneous,44124,0.25,ECAR,f1_score,0.8786127167630058,0.249034749034749
1957,clf-wrongunit-extraneous,44124,0.25,EAR,f1_score,0.8554913294797688,0.249034749034749
1958,clf-wrongunit-extraneous,44124,0.25,ENAR,f1_score,0.9826589595375722,0.249034749034749
1959,clf-wrongunit-extraneous,44124,0.25,ECAR,f1_score,0.8901734104046243,0.249034749034749
1960,clf-wrongunit-extraneous,44124,0.25,EAR,f1_score,0.8227360308285164,0.249034749034749
1961,clf-wrongunit-extraneous,44124,0.25,ENAR,f1_score,1.0,0.249034749034749
1962,clf-wrongunit-extraneous,44124,0.25,ECAR,f1_score,0.8709055876685935,0.249034749034749
1963,clf-wrongunit-extraneous,44124,0.25,EAR,f1_score,0.8362235067437379,0.249034749034749
1964,clf-wrongunit-extraneous,44124,0.25,ENAR,f1_score,0.9556840077071292,0.249034749034749
1965,clf-wrongunit-extraneous,44124,0.25,ECAR,f1_score,0.9132947976878611,0.249034749034749
1966,clf-wrongunit-extraneous,44124,0.25,EAR,f1_score,0.884393063583815,0.249034749034749
1967,clf-wrongunit-extraneous,44124,0.25,ENAR,f1_score,1.0,0.249034749034749
1968,clf-wrongunit-extraneous,44124,0.25,ECAR,f1_score,0.8978805394990366,0.249034749034749
1969,clf-wrongunit-extraneous,44124,0.25,EAR,f1_score,0.9017341040462428,0.249034749034749
1970,clf-wrongunit-extraneous,44124,0.25,ENAR,f1_score,0.7803468208092486,0.249034749034749
1971,clf-wrongunit-extraneous,44124,0.25,ECAR,f1_score,0.8940269749518305,0.249034749034749
1972,clf-wrongunit-extraneous,44124,0.25,EAR,f1_score,0.8747591522157996,0.249034749034749
1973,clf-wrongunit-extraneous,44124,0.25,ENAR,f1_score,1.0,0.249034749034749
1974,clf-wrongunit-extraneous,44124,0.25,ECAR,f1_score,0.8822393822393823,0.249034749034749
1975,clf-wrongunit-extraneous,44124,0.25,EAR,f1_score,0.9111969111969112,0.249034749034749
1976,clf-wrongunit-extraneous,44124,0.25,ENAR,f1_score,0.861003861003861,0.249034749034749
1977,clf-wrongunit-extraneous,44124,0.25,ECAR,f1_score,0.8704061895551258,0.249034749034749
1978,clf-wrongunit-extraneous,44124,0.25,EAR,f1_score,0.8646034816247584,0.249034749034749
1979,clf-wrongunit-extraneous,44124,0.25,ENAR,f1_score,0.7504835589941973,0.249034749034749
2100,clf-wrongunit-extraneous,44131,0.25,ECAR,f1_score,0.8949930458970794,0.24991316429315727
2101,clf-wrongunit-extraneous,44131,0.25,EAR,f1_score,0.9184631432545203,0.24991316429315727
2102,clf-wrongunit-extraneous,44131,0.25,ENAR,f1_score,1.0,0.24991316429315727
2103,clf-wrongunit-extraneous,44131,0.25,ECAR,f1_score,0.8905515921350269,0.24991316429315727
2104,clf-wrongunit-extraneous,44131,0.25,EAR,f1_score,0.8907255959631111,0.24991316429315727
2105,clf-wrongunit-extraneous,44131,0.25,ENAR,f1_score,0.7871933182530015,0.24991316429315727
2106,clf-wrongunit-extraneous,44131,0.25,ECAR,f1_score,0.8917274939172749,0.24991316429315727
2107,clf-wrongunit-extraneous,44131,0.25,EAR,f1_score,0.89190128606187,0.24991316429315727
2108,clf-wrongunit-extraneous,44131,0.25,ENAR,f1_score,1.000173792144595,0.24991316429315727
2109,clf-wrongunit-extraneous,44131,0.25,ECAR,f1_score,0.8923665449487046,0.24991316429315727
2110,clf-wrongunit-extraneous,44131,0.25,EAR,f1_score,0.9226221526691012,0.24991316429315727
2111,clf-wrongunit-extraneous,44131,0.25,ENAR,f1_score,1.0,0.24991316429315727
2112,clf-wrongunit-extraneous,44131,0.25,ECAR,f1_score,0.8832116788321167,0.24991316429315727
2113,clf-wrongunit-extraneous,44131,0.25,EAR,f1_score,0.8826903023983316,0.24991316429315727
2114,clf-wrongunit-extraneous,44131,0.25,ENAR,f1_score,0.9381299965241569,0.24991316429315727
2115,clf-wrongunit-extraneous,44131,0.25,ECAR,f1_score,0.8946453407510432,0.24991316429315727
2116,clf-wrongunit-extraneous,44131,0.25,EAR,f1_score,0.8988178025034772,0.24991316429315727
2117,clf-wrongunit-extraneous,44131,0.25,ENAR,f1_score,0.9996522948539641,0.24991316429315727
2118,clf-wrongunit-extraneous,44131,0.25,ECAR,f1_score,0.8823631624674197,0.24991316429315727
2119,clf-wrongunit-extraneous,44131,0.25,EAR,f1_score,0.867593397046047,0.24991316429315727
2120,clf-wrongunit-extraneous,44131,0.25,ENAR,f1_score,0.7490877497827976,0.24991316429315727
2121,clf-wrongunit-extraneous,44131,0.25,ECAR,f1_score,0.8899130434782607,0.24991316429315727
2122,clf-wrongunit-extraneous,44131,0.25,EAR,f1_score,0.8879999999999999,0.24991316429315727
2123,clf-wrongunit-extraneous,44131,0.25,ENAR,f1_score,1.000695652173913,0.24991316429315727
2124,clf-wrongunit-extraneous,44131,0.25,ECAR,f1_score,0.8836724047991654,0.24991316429315727
2125,clf-wrongunit-extraneous,44131,0.25,EAR,f1_score,0.8848895844201009,0.24991316429315727
2126,clf-wrongunit-extraneous,44131,0.25,ENAR,f1_score,0.852547383063815,0.24991316429315727
2127,clf-wrongunit-extraneous,44131,0.25,ECAR,f1_score,0.8864742698191934,0.24991316429315727
2128,clf-wrongunit-extraneous,44131,0.25,EAR,f1_score,0.8819541029207234,0.24991316429315727
2129,clf-wrongunit-extraneous,44131,0.25,ENAR,f1_score,0.7486091794158555,0.24991316429315727
